-- phpMyAdmin SQL Dump
-- version 5.1.1
-- https://www.phpmyadmin.net/
--
-- Hôte : 127.0.0.1:3306
-- Généré le : ven. 25 nov. 2022 à 09:48
-- Version du serveur : 10.6.5-MariaDB
-- Version de PHP : 7.4.26

SET SQL_MODE = "NO_AUTO_VALUE_ON_ZERO";
START TRANSACTION;
SET time_zone = "+00:00";


/*!40101 SET @OLD_CHARACTER_SET_CLIENT=@@CHARACTER_SET_CLIENT */;
/*!40101 SET @OLD_CHARACTER_SET_RESULTS=@@CHARACTER_SET_RESULTS */;
/*!40101 SET @OLD_COLLATION_CONNECTION=@@COLLATION_CONNECTION */;
/*!40101 SET NAMES utf8mb4 */;

--
-- Base de données : `ordredemission`
--

-- --------------------------------------------------------

--
-- Structure de la table `admin`
--

DROP TABLE IF EXISTS `admin`;
CREATE TABLE IF NOT EXISTS `admin` (
  `id` int(11) NOT NULL,
  `UserName` varchar(50) NOT NULL,
  `Password` varchar(50) NOT NULL,
  `updationDate` timestamp NOT NULL DEFAULT current_timestamp() ON UPDATE current_timestamp(),
  PRIMARY KEY (`id`)
) ENGINE=InnoDB DEFAULT CHARSET=utf8mb3;

--
-- Déchargement des données de la table `admin`
--

INSERT INTO `admin` (`id`, `UserName`, `Password`, `updationDate`) VALUES
(1, 'admin', 'P@ssw0rd', '2022-11-25 09:29:19');

-- --------------------------------------------------------

--
-- Structure de la table `chauffeur`
--

DROP TABLE IF EXISTS `chauffeur`;
CREATE TABLE IF NOT EXISTS `chauffeur` (
  `id_ch` int(11) NOT NULL AUTO_INCREMENT,
  `nom_prenom_ch` varchar(30) NOT NULL,
  `direction` varchar(50) NOT NULL,
  `service` varchar(20) NOT NULL,
  PRIMARY KEY (`id_ch`)
) ENGINE=MyISAM AUTO_INCREMENT=4 DEFAULT CHARSET=utf8mb3;

--
-- Déchargement des données de la table `chauffeur`
--

INSERT INTO `chauffeur` (`id_ch`, `nom_prenom_ch`, `direction`, `service`) VALUES
(1, 'خوالدي صلاح', 'مديرية الموارد البشرية', 'Transport'),
(2, 'علاس منير', 'مديرية الموارد البشرية', 'Transport'),
(3, 'يحياوي لطفي', 'مديرية الموارد البشرية', 'Transport');

-- --------------------------------------------------------

--
-- Structure de la table `destinations`
--

DROP TABLE IF EXISTS `destinations`;
CREATE TABLE IF NOT EXISTS `destinations` (
  `id_dst` int(11) NOT NULL AUTO_INCREMENT,
  `destination` varchar(100) NOT NULL,
  PRIMARY KEY (`id_dst`)
) ENGINE=MyISAM AUTO_INCREMENT=4 DEFAULT CHARSET=utf8mb3;

--
-- Déchargement des données de la table `destinations`
--

INSERT INTO `destinations` (`id_dst`, `destination`) VALUES
(2, 'قسنطينة'),
(3, 'الجزائر');

-- --------------------------------------------------------

--
-- Structure de la table `directions`
--

DROP TABLE IF EXISTS `directions`;
CREATE TABLE IF NOT EXISTS `directions` (
  `id_dir` int(11) NOT NULL AUTO_INCREMENT,
  `direction` varchar(200) NOT NULL,
  PRIMARY KEY (`id_dir`)
) ENGINE=InnoDB AUTO_INCREMENT=11 DEFAULT CHARSET=utf8mb3;

--
-- Déchargement des données de la table `directions`
--

INSERT INTO `directions` (`id_dir`, `direction`) VALUES
(1, 'مديرية الموارد البشرية'),
(2, 'مديرية المالية و المحاسبة'),
(3, 'مديرية الجودة'),
(4, 'مديرية التقنيات'),
(5, 'تكنولوجيا المعلومات'),
(6, 'مديرية العامة'),
(7, 'مديرية الجودة و المناجمنت'),
(8, 'مديرية الإنتاج'),
(9, 'مديرة الشراء و البيع'),
(10, 'مديرية الإستثمار و الصيانة');

-- --------------------------------------------------------

--
-- Structure de la table `missionnaire`
--

DROP TABLE IF EXISTS `missionnaire`;
CREATE TABLE IF NOT EXISTS `missionnaire` (
  `id_m` int(3) NOT NULL AUTO_INCREMENT,
  `nom_m` varchar(255) NOT NULL,
  `prenom_m` varchar(255) NOT NULL,
  `direction` varchar(255) NOT NULL,
  `fonction` varchar(255) NOT NULL,
  PRIMARY KEY (`id_m`)
) ENGINE=InnoDB AUTO_INCREMENT=144 DEFAULT CHARSET=utf8mb3;

--
-- Déchargement des données de la table `missionnaire`
--

INSERT INTO `missionnaire` (`id_m`, `nom_m`, `prenom_m`, `direction`, `fonction`) VALUES
(1, 'بومعزة', 'نجوى', 'مديرية المالية و المحاسبة', 'مديرة المالية و المحاسبة'),
(3, 'نكاع', 'اسماعيل', 'مديرية المالية و المحاسبة', 'اطار مالي'),
(4, 'بوشاشية', 'أمينة', 'مديرية المالية و المحاسبة', 'اطار مالي'),
(5, 'نقيب', 'أيمن', 'مديرية المالية و المحاسبة', 'اطار مالي'),
(6, 'بركان', 'عبد اللطيف', 'مديرية المالية و المحاسبة', 'تقني سامي المحاسبة'),
(7, 'عيايدية', 'بوثينة', 'مديرية المالية و المحاسبة', 'مساعدة المديرية'),
(8, 'بومزبر', 'زهرة', 'مديرية الموارد البشرية', 'إطارة في تسيير الموارد البشرية'),
(9, 'قطي', 'فاطمة الزهراء', 'مديرية الموارد البشرية', 'إطارة قانونية'),
(10, 'فقراوي', 'لطيفة', 'مديرية الموارد البشرية', 'مسؤولة في العلاقات الخارجية'),
(11, 'بن غرس الله', 'عادل', 'مديرية الموارد البشرية', 'مسير الرواتب'),
(12, 'فوغالي', 'رفيق', 'مديرية الموارد البشرية', 'تقني سامي في الإعلام الآلي'),
(16, 'مزياني', 'أسماء', 'الجودة', 'مديرة الجودة'),
(17, 'مراح', 'بلال', 'التقنيات', 'مدير بخدمة تقنيات'),
(18, 'بوسنة', 'حليمة', 'تكنولوجيا المعلومات', 'مهندس في الإعلام الآلي'),
(19, 'شواط', 'ندير', 'مديرية العامة', 'مهندس'),
(20, 'مسيخ', 'فؤاد', 'الجودة', 'مهندس في ميكانيك'),
(21, 'مسلم', 'منصور', 'الجودة', 'إطار التقنيات'),
(22, 'يحيا', 'هانية', 'التقنيات', 'مهندس في ميكانيك'),
(23, 'تباني', 'علاء الدين', 'التقنيات', 'مهندس في ميكانيك'),
(24, 'خليفي', 'آسيا', 'مديرية الجودة و المناجمنت', 'مساعدة المديرية   مديرية'),
(25, 'معزي', 'مصباح', 'الجودة', 'تقني سامي في الإنتاج'),
(26, 'بن عبيد', 'محي الدين', 'مديرية الإنتاج', 'تقني سامي ميكانيك'),
(27, 'رجاح', 'ملاك', 'مانجمنت الجودة', 'مراقب الجودة'),
(28, 'راسول', 'لخميسي', 'الجودة', 'مراقب الجودة'),
(29, 'سوكي', 'وحيد', 'تكنولوجيا المعلومات', 'مهندس في الإعلام الآلي'),
(30, 'مرمي', 'عبد الرحيم', 'الجودة', 'تقني سامي في الدراسات '),
(31, 'بلخير', 'خالد', 'مانجمنت الجودة', 'تقني سامي صناعة ميكانيك'),
(32, 'بوزحزح', 'يوسف', 'تكنولوجيا المعلومات', 'مهندس في الإعلام الآلي'),
(33, 'بوعزيز', 'محمد', 'الجودة', 'تقني سامي الجودة'),
(34, 'أقيس', 'أمين', 'مديرة الشراء و البيع', 'مدير الشراء و البيع'),
(35, 'بوبنيدر', 'ديليندة', 'مديرة الشراء و البيع', 'مديرة العبور'),
(36, 'لحنش', 'عادل', 'مديرة الشراء و البيع', 'مدير خدمة العبور'),
(37, 'كواشي', 'فهيمة', 'مديرة الشراء و البيع', 'إطار إداري'),
(38, 'حاية', 'إبتسام', 'مديرة الشراء و البيع', 'إطار إداري'),
(39, 'عطوي', 'أسامة', 'مديرة الشراء و البيع', 'مهندس في   ميكانيك'),
(40, 'ميرود', 'عبد الرؤوف', 'مديرة الشراء و البيع', 'مهندس في   ميكانيك'),
(41, 'شلاغمية', 'وردة', 'مديرة الشراء و البيع', 'إطار الشراء و البيع'),
(42, 'بليبل', 'سمير', 'مديرة الشراء و البيع', 'إطار الشراء و البيع'),
(43, 'لوصيف', 'سمير', 'مديرة الشراء و البيع', 'تقني سامي الشراء و البيع الإنتاج'),
(44, 'غبولي', 'عمار', 'مديرة الشراء و البيع', 'تقني سامي الدراسات والأساليب'),
(45, 'تبان', 'أيمن اسلام', 'مديرة الشراء و البيع', 'تقني سامي صيانة ميكانيك'),
(46, 'بابا', 'بلال', 'مديرة الشراء و البيع', 'تقني سامي المراقبة صناعة ميكانيك'),
(47, 'فرقاتي', 'حمزة', 'مديرة الشراء و البيع', 'خدمة بعد البيع'),
(48, 'نابتي', 'عبد الجليل', 'مديرة الشراء و البيع', 'مصرح جمركي'),
(49, 'مكسن', 'نبيل', 'مديرة الشراء و البيع', 'عون استقبال السلع'),
(50, 'بوشمة', 'عبد الرؤوف', 'مديرة الشراء و البيع', 'تقني سامي الدراسات والأساليب'),
(51, 'سدراتي', 'ابراهيم', 'مديرة الشراء و البيع', 'تقني سامي في الإشهار'),
(52, 'بوخالفة', 'أمينة', 'مديرة الشراء و البيع', 'تقني سامي تسيير المخزن'),
(53, 'رابشي', 'لياس', 'مديرة الشراء و البيع', 'صناعة الأدوات'),
(54, 'بومزبر', 'أيمن', 'مديرة الشراء و البيع', 'Affuteur'),
(55, 'قوميدي', 'تقي الدين', 'مديرة الشراء و البيع', 'مهندس في الإلكترونيك'),
(56, 'مرواني', 'يوسف', 'مديرة الشراء و البيع', 'سائق'),
(57, 'جحا', 'عماد', 'مديرة الشراء و البيع', 'سائق'),
(58, 'رابشي', 'نجيب', 'مديرة الشراء و البيع', 'تقني سامي تسيير المخزن'),
(59, 'خليفي', 'مريم', 'مديرة الشراء و البيع', 'تقني سامي تسيير المخزن'),
(60, 'بوحالة', 'عاطف', 'مديرة الشراء و البيع', 'تقني سامي تسيير المخزن'),
(61, 'مروكة', 'لزهر', 'مديرة الشراء و البيع', 'Contre Maitre المراقبة و استقبال'),
(62, 'شطوح', 'سارة', 'مديرة الشراء و البيع', 'مهندس في   ميكانيك'),
(63, 'هيني', 'محمد الهادي', 'مديرة الشراء و البيع', 'مهندس في   ميكانيك'),
(64, 'سلطاني', 'محمد الشريف', 'مديرة الشراء و البيع', 'سائق'),
(65, 'حمود', 'ياسين', 'مديرة الشراء و البيع', 'مهندس في الهندسة الكهربائية'),
(66, 'حباشي', 'سامي', 'مديرة الشراء و البيع', 'أجهزة التحرير'),
(67, 'بومزبر', 'يوسف', 'مديرة الشراء و البيع', 'مهندس في   ميكانيك'),
(68, 'بوغاشيش', 'شوقي', 'مديرة الشراء و البيع', 'إطار التقنيات'),
(69, 'مكاوي', 'بشير', 'مديرية الإستثمار و الصيانة', 'مدير الإستثمار et   la  الصيانة'),
(70, 'قارة علي', 'شوقي', 'مديرية الإستثمار و الصيانة', 'مهندس في الإلكترونيك'),
(71, 'بومعزة', 'إنصاف', 'مديرية الإستثمار و الصيانة', 'مهندس في   ميكانيك'),
(72, 'عبد النور', 'خير الدين', 'مديرية الإستثمار و الصيانة', 'تقني سامي الصيانة تكييف هواء وبرودة'),
(73, 'كركار', 'مراد', 'مديرية الإستثمار و الصيانة', 'مهندس في الإلكترونيك'),
(74, 'بوهالي', 'ياسين', 'مديرية الإستثمار و الصيانة', 'مهندس في   ميكانيك'),
(75, 'بوقريو', 'حمزة', 'مديرية الإستثمار و الصيانة', 'مهندس في الهندسة الكهربائية'),
(76, 'شلال', 'سيف الدين', 'مديرية الإستثمار و الصيانة', 'مهندس في   ميكانيك'),
(77, 'اخلاف', 'بلال', 'مديرية الإستثمار و الصيانة', 'مهندس في   ميكانيك'),
(78, 'عواق', 'ميسر', 'مديرية الإستثمار و الصيانة', 'مهندس في   ميكانيك'),
(79, 'قرعيشي', 'نصر الدين', 'مديرية الإستثمار و الصيانة', 'مهندس في الهندسة الكهربائية'),
(80, 'كحول', 'أحسن', 'مديرية الإستثمار و الصيانة', 'مهندس في الإلكترونيك'),
(81, 'بوخشم', 'ياسين', 'مديرية الإستثمار و الصيانة', 'تقني سامي الصيانة صناعي'),
(82, 'زرمان', 'عمار', 'مديرية الإستثمار و الصيانة', 'تقني سامي الصيانة'),
(83, 'مسعودي', 'عماد', 'مديرية الإستثمار و الصيانة', 'Contre Maitre صيانة ميكانيك'),
(84, 'شريبط', 'شيهاب الدين', 'مديرية الإستثمار و الصيانة', 'تقني سامي الصيانة'),
(85, 'كتفي', 'وليد', 'مديرية الإستثمار و الصيانة', 'تقني سامي  الصيانة ميكانيك'),
(86, 'لحرش', 'عبد الرؤوف', 'مديرية الإستثمار و الصيانة', 'تقني سامي التشغيل الآلي'),
(87, 'دربالة', 'خير الدين', 'مديرية الإستثمار و الصيانة', 'تقني سامي في تسيير   المخزن'),
(88, 'غنيسة', 'سفيان', 'مديرية الإستثمار و الصيانة', 'ميكانيكي الآلات و الأدوات'),
(89, 'دعا', 'زكرياء', 'مديرية الإستثمار و الصيانة', 'ميكانيكي الآلات و الأدوات'),
(90, 'لاناني', 'سفيان', 'مديرية الإستثمار و الصيانة', 'لحام'),
(91, 'حملاوي', 'عمار', 'مديرية الإستثمار و الصيانة', 'ميكانيكي'),
(92, 'حاجي', 'رمزي', 'مديرية الإستثمار و الصيانة', 'ميكانيكي الآلات و الأدوات'),
(93, 'جغرود', 'هاجر', 'مديرية الإستثمار و الصيانة', 'مساعدة المديرية   مديرية'),
(94, 'درناني', 'أحمد', 'مديرية الإنتاج', 'مدير الإنتاج و الإمداد'),
(95, 'عجابي', 'ياسين', 'مديرية الإنتاج', 'Contre Maitre الإنتاج'),
(96, 'لادلي', 'رشيد', 'مديرية الإنتاج', 'مدير قسم مونتاج'),
(97, 'ديابي', 'سامي', 'التقنيات', 'تقني سامي أداة الضابط'),
(98, 'خميسي', 'وليد', 'مديرية الإنتاج', 'تقني سامي صناعة ميكانيك'),
(99, 'لطرش', 'عبد السلام', 'مديرية الإنتاج', 'مدير قسم الطرق'),
(100, 'دهيلي', 'يوسف', 'مديرية الإنتاج', 'مهندس في   ميكانيك'),
(101, 'دير', 'صلاح الدين', 'مديرية الإنتاج', 'مهندس في   ميكانيك'),
(102, 'حملاوي', 'عمار', 'مديرية الإنتاج', 'مهندس في   ميكانيك'),
(103, 'صخري', 'محمد شريف', 'مديرية الإنتاج', 'مهندس في   ميكانيك'),
(104, 'بوصاع', 'علي', 'تكنولوجيا المعلومات', 'مهندس في الإعلام الآلي'),
(105, 'قايد', 'نبيل', 'مديرية الإنتاج', 'إطار التقنيات'),
(106, 'عمراني', 'عمار', 'مديرية الإنتاج', 'Contre Maitre Affutage'),
(107, 'عواق', 'محمد لمين', 'مديرية الإنتاج', 'تقني سامي صناعة ميكانيك'),
(108, 'بوغلوت', 'عزيز', 'مديرية الإنتاج', 'تقني سامي صناعة ميكانيك'),
(109, 'شايب', 'شعيب', 'مديرية الإنتاج', 'تقني سامي دراسات وطرق'),
(110, 'كروم', 'لطفي', 'مديرية الإنتاج', 'تقني سامي صناعة ميكانيك'),
(111, 'ميهوبي', 'خير الدين', 'مديرية الإنتاج', 'تقني سامي صناعة ميكانيك'),
(112, 'أونيسي', 'سفيان', 'مديرية الإنتاج', 'تقني سامي صناعة ميكانيك'),
(113, 'زعتر', 'رابح', 'مديرية الإنتاج', 'تقني سامي صناعة ميكانيك'),
(114, 'مقلاتي', 'عبد المالك', 'مديرية الإنتاج', 'تقني سامي دراسات وطرق'),
(115, 'بوعود', 'رضوان', 'مديرية الإنتاج', 'تقني سامي رسام مسقط'),
(116, 'بن شيخ لحوسين', 'عمار', 'مديرية الإنتاج', 'تقني سامي تسيير   المخزن'),
(117, 'بلال', 'مريم', 'تكنولوجيا المعلومات', 'مهندس في الإعلام الآلي'),
(118, 'بومخ', 'سارة', 'تكنولوجيا المعلومات', 'مهندس في الإعلام الآلي'),
(119, 'بلغيدوم', 'عيشاء', 'تكنولوجيا المعلومات', 'تقني سامي في الإعلام الآلي'),
(120, 'بلباز', 'مصطفى', 'مديرية الإنتاج', 'مهندس في ميكانيك'),
(121, 'بن تلجون', 'موسى', 'مديرية الإنتاج', 'أجهزة التحرير'),
(122, 'قاسمي', 'داوود', 'مديرية الإنتاج', 'أجهزة التحرير'),
(123, 'حباطي', 'لياس', 'مديرية الإنتاج', 'مهندس في ميكانيك'),
(124, 'لشطر', 'محمد لمين', 'التقنيات', 'مهندس في ميكانيك'),
(125, 'بن حمودة', 'أحمد', 'التقنيات', 'مهندس في ميكانيك'),
(126, 'نوي', 'عبد الفتاح', 'مديرية الإنتاج', 'مهندس في   ميكانيك'),
(127, 'يوبي', 'عادل', 'مديرية الإنتاج', ' البيع بعد سامي تقني'),
(128, 'بن مداسي', 'فؤاد', 'مديرية الإنتاج', 'اختبار مشغل البدلاء'),
(129, 'معداد', 'عبد الله', 'مديرية الإنتاج', 'الرسام الصناعي 2'),
(130, 'بوسنة', 'نادية', 'مديرية الإنتاج', 'تقني سامي تسيير   المخزن'),
(131, 'بوجنوي', 'بلال', 'مديرية الإنتاج', 'الرسام الصناعي 2'),
(132, 'بوطويل', 'جابر', 'مديرية الإنتاج', 'لحام'),
(133, 'بوعكاز', 'محمد صلاح', 'مديرية الإنتاج', 'سائق الانتهازي'),
(134, 'طوبان', 'عصام', 'مديرية الإنتاج', 'سائق'),
(135, 'بولمزاود', 'بلال', 'مديرية الإنتاج', 'مهندس في   ميكانيك'),
(136, 'لونيس', 'خولة', 'مديرية الإنتاج', 'تقني سامي في الدراسات'),
(137, 'بوهالي', 'ايناس', 'مديرية الإنتاج', 'مهندس في ميكانيك'),
(138, 'بعلي', 'أمينة', 'التقنيات', 'تقني سامي الطرق'),
(139, 'حليمي', 'عمار', 'مديرية العامة', ' عام مدير'),
(140, 'لدرع', 'أسماء', 'مديرية العامة', ' مديرية مساعدة'),
(141, 'رمضان', 'حمزة', 'مديرية العامة', 'مدير مانجمنت مشاريع'),
(142, 'بن واكتة', 'نبيل', 'مديرية العامة', 'مهندس في نظافة أمن بيئة');

-- --------------------------------------------------------

--
-- Structure de la table `moyen_transport`
--

DROP TABLE IF EXISTS `moyen_transport`;
CREATE TABLE IF NOT EXISTS `moyen_transport` (
  `id_mt` int(11) NOT NULL AUTO_INCREMENT,
  `moyen` varchar(50) NOT NULL,
  PRIMARY KEY (`id_mt`)
) ENGINE=MyISAM AUTO_INCREMENT=4 DEFAULT CHARSET=utf8mb3;

--
-- Déchargement des données de la table `moyen_transport`
--

INSERT INTO `moyen_transport` (`id_mt`, `moyen`) VALUES
(3, 'سيارة وظيفية');

-- --------------------------------------------------------

--
-- Structure de la table `objet_mission`
--

DROP TABLE IF EXISTS `objet_mission`;
CREATE TABLE IF NOT EXISTS `objet_mission` (
  `id_obj` int(11) NOT NULL AUTO_INCREMENT,
  `objet_m` varchar(50) NOT NULL,
  PRIMARY KEY (`id_obj`)
) ENGINE=MyISAM AUTO_INCREMENT=5 DEFAULT CHARSET=utf8mb3;

--
-- Déchargement des données de la table `objet_mission`
--

INSERT INTO `objet_mission` (`id_obj`, `objet_m`) VALUES
(2, 'عمل'),
(3, 'سياحة'),
(4, 'تكوين');

-- --------------------------------------------------------

--
-- Structure de la table `ordre_missions`
--

DROP TABLE IF EXISTS `ordre_missions`;
CREATE TABLE IF NOT EXISTS `ordre_missions` (
  `num_om` int(11) NOT NULL AUTO_INCREMENT,
  `exercise` int(4) NOT NULL,
  `objet_om` varchar(20) NOT NULL,
  `date_mission` date NOT NULL,
  `date_retour` mediumtext NOT NULL,
  `destination` varchar(20) NOT NULL,
  `moyen_transport` varchar(20) NOT NULL,
  `id_m` varchar(50) NOT NULL,
  `matricule` varchar(30) NOT NULL,
  `id_tr` int(11) NOT NULL,
  PRIMARY KEY (`num_om`)
) ENGINE=MyISAM AUTO_INCREMENT=112 DEFAULT CHARSET=utf8mb3;

--
-- Déchargement des données de la table `ordre_missions`
--

INSERT INTO `ordre_missions` (`num_om`, `exercise`, `objet_om`, `date_mission`, `date_retour`, `destination`, `moyen_transport`, `id_m`, `matricule`, `id_tr`) VALUES
(1, 2022, '2', '2022-08-30', '2022-08-31', '2', 'سيارة وظيفية', '3', 'Skoda,1232511425', 0),
(2, 2022, '2', '2022-09-01', '2022-09-02', '2', 'سيارة وظيفية', '29', 'Skoda,1232511425', 0),
(10, 2022, '2', '2022-09-12', '2022-09-14', '2', 'voiture', '29 choix1 choix1 choix1', 'SKODA, 1123456', 2),
(11, 2022, '2', '2022-09-18', '2022-09-22', '3', 'سيارة وظيفية', '1', 'Skoda,1232511425', 0),
(12, 2022, '2', '2022-09-18', '2022-09-22', '3', 'سيارة وظيفية', '1 choix1 choix1 choix1', 'Skoda,1232511425', 3),
(13, 2022, '3', '2022-10-16', '2022-10-18', '3', 'سيارة وظيفية', '29', 'Skoda,1232511425', 0),
(14, 2022, '4', '2022-10-16', '2022-10-18', '3', 'سيارة وظيفية', '132', 'Skoda,1232511425', 0);

-- --------------------------------------------------------

--
-- Structure de la table `transport`
--

DROP TABLE IF EXISTS `transport`;
CREATE TABLE IF NOT EXISTS `transport` (
  `id_tr` int(11) NOT NULL AUTO_INCREMENT,
  `id_ch` int(11) NOT NULL,
  `marchandise_transporter` varchar(100) NOT NULL,
  `aller` varchar(50) NOT NULL,
  `retour` varchar(50) NOT NULL,
  PRIMARY KEY (`id_tr`)
) ENGINE=MyISAM AUTO_INCREMENT=4 DEFAULT CHARSET=utf8mb3;

--
-- Déchargement des données de la table `transport`
--

INSERT INTO `transport` (`id_tr`, `id_ch`, `marchandise_transporter`, `aller`, `retour`) VALUES
(2, 3, 'Registre de commerce', '11', '20'),
(3, 2, '', '', '');

-- --------------------------------------------------------

--
-- Structure de la table `vehicule`
--

DROP TABLE IF EXISTS `vehicule`;
CREATE TABLE IF NOT EXISTS `vehicule` (
  `id_v` int(11) NOT NULL AUTO_INCREMENT,
  `type_v` varchar(25) NOT NULL,
  `voiture` varchar(50) NOT NULL,
  `matricule` int(20) NOT NULL,
  PRIMARY KEY (`id_v`)
) ENGINE=MyISAM AUTO_INCREMENT=4 DEFAULT CHARSET=utf8mb3;

--
-- Déchargement des données de la table `vehicule`
--

INSERT INTO `vehicule` (`id_v`, `type_v`, `voiture`, `matricule`) VALUES
(3, 'سيارة وظيفية', 'Skoda', 1232511425);
COMMIT;

/*!40101 SET CHARACTER_SET_CLIENT=@OLD_CHARACTER_SET_CLIENT */;
/*!40101 SET CHARACTER_SET_RESULTS=@OLD_CHARACTER_SET_RESULTS */;
/*!40101 SET COLLATION_CONNECTION=@OLD_COLLATION_CONNECTION */;
